,user_id,seg_start,seg_end,avg_hr,max_hr,avg_rr,max_rr
0,abc,1634143543.50899,1634144449.087914,78.76555555555555,120,18.61777777777778,25
0,abc,1634144450.0959182,1634145358.737939,79.65333333333334,120,18.572222222222223,25
0,abc,1634145359.7502332,1634146269.627233,80.3788888888889,120,18.625555555555554,25
